{"schemaVersion":"1.0","appDefinitionTemplate":{"id":"/providers/Microsoft.PowerApps/apps/","type":"Microsoft.PowerApps/apps","tags":{"primaryDeviceWidth":"1366","primaryDeviceHeight":"768","supportsPortrait":"true","supportsLandscape":"true","primaryFormFactor":"Tablet","publisherVersion":"3.22111.28","minimumRequiredApiVersion":"2.2.0","hasComponent":"false","hasUnlockedComponent":"false","isUnifiedRootApp":"false","sienaVersion":"20221202T102352Z-3.22111.28.0"},"properties":{"appVersion":"2022-12-02T10:23:52Z","lifeCycleId":"Published","createdByClientVersion":{"major":3,"minor":22111,"build":28,"revision":0,"majorRevision":0,"minorRevision":0},"minClientVersion":{"major":3,"minor":22111,"build":28,"revision":0,"majorRevision":0,"minorRevision":0},"backgroundColor":"RGBA(0,176,240,1)","backgroundImageUri":"/15130472683326749847/N7355875b-9a73-470e-aeda-03363f0b011f-logoSmallFile","displayName":"RPA Developer","description":"","commitMessage":"","appUris":{"documentUri":{"value":"/15130472683326749847/Nac3ea73b-1fe1-4c51-8457-b5a74cdbc004-document.msapp"},"imageUris":[],"additionalUris":[]},"createdTime":"0001-01-01T00:00:00Z","lastModifiedTime":"0001-01-01T00:00:00Z","sharedGroupsCount":0,"sharedUsersCount":0,"connectionReferences":{},"databaseReferences":{"default.cds":{"databaseDetails":{"referenceType":"Environmental","environmentName":"default.cds","overrideValues":{"status":"NotSpecified"}},"dataSources":{"Registrations":{"entitySetName":"crfd7_names","logicalName":"crfd7_name"}},"actions":["providers/PowerPlatform.Governance/Operations/Read","providers/PowerPlatform.Governance/Operations/Write","providers/PowerPlatform.Governance/Operations/Read","providers/PowerPlatform.Governance/Operations/Write"]}},"almMode":"Environment","performanceOptimizationEnabled":true,"canConsumeAppPass":true,"enableModernRuntimeMode":false,"executionRestrictions":{"isTeamsOnly":false,"dataLossPreventionEvaluationResult":{"status":"Compliant","lastEvaluationDate":"2022-11-28T10:51:27.4006619Z","violations":[],"violationsByPolicy":[],"violationErrorMessage":"The app uses the following connectors: shared_commondataservice."}}},"appType":"ClassicCanvasApp","appComponents":[]}}